num_entries,num_warmup,num_repetitions,min,1st,10th,25th,median,75th,90th,99th,max,avg,1-99_avg,10-90_avg,median_kops,avg_kops,1-99_avg_kops,10-90_avg_kops
10000,10000,100000,301,380,511,841,1382,2003,2564,3596,10535,1486.82,1468.73,1421.46,723.589,672.578,680.862,703.5
100000,10000,100000,521,1492,4917,11027,23115,38228,49395,62264,247534,25405.6,25206.8,24403.8,43.262,39.3613,39.6718,40.9773
1000000,10000,100000,1993,11978,93071,234013,477252,733729,898068,1019431,1379565,487036,486287,482719,2.09533,2.05323,2.0564,2.0716
10000000,10000,100000,3626,125750,1179764,2956359,5936345,8942449,10786216,11896775,12344842,5.95648e+06,5.95497e+06,5.94653e+06,0.168454,0.167884,0.167927,0.168165
