num_entries,num_warmup,num_repetitions,min,1st,10th,25th,median,75th,90th,99th,max,avg,1-99_avg,10-90_avg,median_kops,avg_kops,1-99_avg_kops,10-90_avg_kops
10000,10000,100000,241,340,451,731,1171,1683,2134,2924,12750,1257.43,1241.93,1206.55,853.971,795.275,805.199,828.808
100000,10000,100000,541,1643,5499,12539,26260,42294,53841,67512,149607,28206.2,28031.7,27292.6,38.0807,35.4532,35.6739,36.6399
1000000,10000,100000,2324,11858,93461,235466,482770,744105,910877,1028745,1416922,493216,492499,488964,2.07138,2.02751,2.03046,2.04514
10000000,10000,100000,4447,121534,1135807,2839562,5759386,8682956,10502747,11602099,12508198,5.7822e+06,5.78009e+06,5.76672e+06,0.17363,0.172944,0.173008,0.173409
