num_entries,num_warmup,num_repetitions,min,1st,10th,25th,median,75th,90th,99th,max,avg,1-99_avg,10-90_avg,median_kops,avg_kops,1-99_avg_kops,10-90_avg_kops
10000,10000,100000,0,1000,1000,1000,1000,2000,2000,5000,117000,1495.43,1444.86,1357.95,1000,668.704,692.11,736.404
100000,10000,100000,1000,1000,1000,2000,2000,2000,3000,10000,979000,2284.28,2156.53,2068.51,500,437.775,463.708,483.439
1000000,10000,100000,3000,4000,5000,6000,9000,12000,24000,47000,3710000,11341,10763.9,9465.88,111.111,88.1753,92.9027,105.643
10000000,10000,100000,2000,3000,6000,7000,12000,15000,109000,234000,1023696879000,1.02713e+07,25473,13439.7,83.3333,0.0973589,39.2573,74.4064
