num_entries,num_warmup,num_repetitions,min,1st,10th,25th,median,75th,90th,99th,max,avg,1-99_avg,10-90_avg,median_kops,avg_kops,1-99_avg_kops,10-90_avg_kops
10000,10000,100000,0,1000,1000,2000,3000,4000,5000,8000,140000,3210.05,3174.29,3076.79,333.333,311.522,315.032,325.014
100000,10000,100000,1000,2000,9000,19000,35000,52000,63000,90000,10503000,36718.7,35775.8,35289.3,28.5714,27.2341,27.9518,28.3372
1000000,10000,100000,3000,17000,128000,318000,636000,975000,1190000,1362000,3861000,650793,649151,644992,1.57233,1.53659,1.54047,1.55041
10000000,10000,100000,6000,219000,2135000,5189000,10488000,15825000,21701000,34985000,53957000,1.14526e+07,1.12859e+07,1.06909e+07,0.0953471,0.0873167,0.0886065,0.0935371
