num_entries,num_warmup,num_repetitions,min,1st,10th,25th,median,75th,90th,99th,max,avg,1-99_avg,10-90_avg,median_kops,avg_kops,1-99_avg_kops,10-90_avg_kops
10000,10000,100000,0,0,1000,2000,3000,4000,5000,6000,104000,2827.85,2796.53,2719.55,333.333,353.626,357.586,367.708
100000,10000,100000,1000,2000,7000,16000,30000,44000,53000,63000,327000,30281.5,30134.9,29995.5,33.3333,33.0234,33.1841,33.3384
1000000,10000,100000,2000,17000,126000,311000,630000,972000,1194000,1447000,43272000,650547,646834,639697,1.5873,1.53717,1.54599,1.56324
10000000,10000,100000,5000,164000,1528000,3805000,7663000,11502000,13813000,15241000,17802000,7.66007e+06,7.65711e+06,7.65458e+06,0.130497,0.130547,0.130598,0.130641
