num_entries,num_warmup,num_repetitions,min,1st,10th,25th,median,75th,90th,99th,max,avg,1-99_avg,10-90_avg,median_kops,avg_kops,1-99_avg_kops,10-90_avg_kops
10000,10000,100000,0,0,1000,2000,3000,4000,5000,7000,154000,3175.11,3130.38,3043.57,333.333,314.95,319.45,328.561
100000,10000,100000,1000,2000,9000,18000,34000,49000,58000,70000,265000,33672.7,33550.7,33436.9,29.4118,29.6976,29.8056,29.9071
1000000,10000,100000,3000,19000,140000,350000,704000,1083000,1319000,1578000,2133000,721503,719025,713072,1.42045,1.386,1.39077,1.40238
10000000,10000,100000,6000,165000,1594000,3919000,7912000,11929000,14345000,15824000,102344000,7.93941e+06,7.9349e+06,7.92688e+06,0.12639,0.125954,0.126026,0.126153
