num_entries,num_warmup,num_repetitions,min,1st,10th,25th,median,75th,90th,99th,max,avg,1-99_avg,10-90_avg,median_kops,avg_kops,1-99_avg_kops,10-90_avg_kops
10000,10000,100000,0,0,1000,2000,3000,4000,4000,6000,105000,2658.71,2645.56,2572.11,333.333,376.122,377.992,388.785
100000,10000,100000,1000,3000,8000,16000,29000,43000,51000,61000,167000,29429.9,29335.9,29198.6,34.4828,33.9791,34.088,34.2482
1000000,10000,100000,3000,17000,127000,313000,636000,976000,1198000,1439000,2257000,652434,650023,643581,1.57233,1.53272,1.53841,1.55381
10000000,10000,100000,6000,163000,1507000,3745000,7572000,11389000,13699000,15153000,37111000,7.58366e+06,7.57848e+06,7.57092e+06,0.132066,0.131863,0.131953,0.132084
