num_entries,num_warmup,num_repetitions,min,1st,10th,25th,median,75th,90th,99th,max,avg,1-99_avg,10-90_avg,median_kops,avg_kops,1-99_avg_kops,10-90_avg_kops
10000,10000,100000,0,0,1000,2000,3000,4000,5000,6000,119000,2806.76,2782.03,2706.1,333.333,356.283,359.45,369.535
100000,10000,100000,1000,2000,7000,16000,30000,45000,54000,66000,2331000,30673.6,30450.3,30263.4,33.3333,32.6013,32.8403,33.0432
1000000,10000,100000,3000,22000,161000,395000,797000,1224000,1750000,2240000,17640000,869082,862167,823138,1.25471,1.15064,1.15987,1.21486
10000000,10000,100000,5000,167000,1545000,3839000,7722000,11604000,13921000,15582000,138438000,7.73371e+06,7.72208e+06,7.71699e+06,0.1295,0.129304,0.129499,0.129584
