num_entries,num_warmup,num_repetitions,min,1st,10th,25th,median,75th,90th,99th,max,avg,1-99_avg,10-90_avg,median_kops,avg_kops,1-99_avg_kops,10-90_avg_kops
10000,10000,100000,0,1000,1000,2000,3000,4000,6000,8000,54000,3275.24,3223.3,3114.66,333.333,305.321,310.241,321.062
100000,10000,100000,1000,2000,9000,18000,34000,49000,59000,71000,235000,33933.5,33808.2,33669,29.4118,29.4694,29.5786,29.7009
1000000,10000,100000,3000,19000,140000,348000,702000,1079000,1315000,1577000,2167000,720018,717575,711508,1.4245,1.38885,1.39358,1.40546
10000000,10000,100000,5000,168000,1618000,3963000,7991000,12028000,14462000,15958000,54250000,8.01058e+06,8.00632e+06,7.99882e+06,0.125141,0.124835,0.124901,0.125018
