num_entries,num_warmup,num_repetitions,min,1st,10th,25th,median,75th,90th,99th,max,avg,1-99_avg,10-90_avg,median_kops,avg_kops,1-99_avg_kops,10-90_avg_kops
10000,10000,100000,280,351,461,772,1252,1813,2333,3245,35273,1355.54,1337.94,1296.26,798.722,737.712,747.416,771.451
100000,10000,100000,530,1753,6520,14732,30506,48272,60602,74883,131849,32255.5,32094.6,31417.3,32.7804,31.0025,31.1579,31.8296
1000000,10000,100000,2574,12799,100782,253423,517833,797506,970968,1095175,2067144,528560,527855,524677,1.93112,1.89193,1.89446,1.90594
10000000,10000,100000,4296,120032,1171731,2914676,5899088,8939014,10816382,11941684,12758518,5.94425e+06,5.94191e+06,5.92608e+06,0.169518,0.16823,0.168296,0.168746
