num_entries,num_warmup,num_repetitions,min,1st,10th,25th,median,75th,90th,99th,max,avg,1-99_avg,10-90_avg,median_kops,avg_kops,1-99_avg_kops,10-90_avg_kops
10000,10000,100000,260,350,460,771,1232,1792,2303,3195,11578,1336.64,1319.76,1278.79,811.688,748.147,757.716,781.989
100000,10000,100000,591,1792,6620,14962,30927,48884,61413,75744,147983,32684.2,32521.6,31837,32.3342,30.5958,30.7488,31.41
1000000,10000,100000,2624,13009,101243,254494,519085,799999,973752,1098701,1661021,530225,529515,526330,1.92647,1.88599,1.88852,1.89995
10000000,10000,100000,4297,120161,1174796,2912012,5894500,8927105,10802570,11930956,12968214,5.93809e+06,5.93574e+06,5.91997e+06,0.16965,0.168404,0.168471,0.16892
