num_entries,num_warmup,num_repetitions,min,1st,10th,25th,median,75th,90th,99th,max,avg,1-99_avg,10-90_avg,median_kops,avg_kops,1-99_avg_kops,10-90_avg_kops
10000,10000,100000,780,870,1170,1751,2870,4010,5090,7050,22870,3000.68,2973.2,2885.26,348.432,333.258,336.337,346.59
100000,10000,100000,1090,2890,9290,20950,44120,73371,94902,119293,157384,48590.1,48272.8,46708.6,22.6655,20.5803,20.7156,21.4093
1000000,10000,100000,3010,20560,166364,416979,840308,1264758,1521973,1708097,1996933,842716,842031,840562,1.19004,1.18664,1.18761,1.18968
10000000,10000,100000,4360,183145,1732282,4328345,8683319,13045127,15684115,17290872,18593639,8.6926e+06,8.69092e+06,8.6854e+06,0.115163,0.11504,0.115063,0.115136
