num_entries,num_warmup,num_repetitions,min,1st,10th,25th,median,75th,90th,99th,max,avg,1-99_avg,10-90_avg,median_kops,avg_kops,1-99_avg_kops,10-90_avg_kops
10000,10000,100000,680,760,1040,1490,2390,3370,4231,5771,23911,2521.16,2497.53,2429.55,418.41,396.643,400.396,411.599
100000,10000,100000,1020,2970,10050,22931,48181,78232,99972,124663,172883,51982.8,51679.1,50258.4,20.7551,19.2371,19.3502,19.8972
1000000,10000,100000,3250,20040,163903,410649,827158,1246967,1502602,1683986,1860220,831106,830431,828857,1.20896,1.20322,1.20419,1.20648
10000000,10000,100000,6580,184074,1732489,4321538,8743766,13152407,15860935,17521213,18943399,8.7616e+06,8.75838e+06,8.74617e+06,0.114367,0.114134,0.114176,0.114336
