num_entries,num_warmup,num_repetitions,min,1st,10th,25th,median,75th,90th,99th,max,avg,1-99_avg,10-90_avg,median_kops,avg_kops,1-99_avg_kops,10-90_avg_kops
10000,10000,100000,730,810,960,1660,2730,3840,4890,6821,55221,2870.01,2841.92,2757.87,366.3,348.43,351.875,362.598
100000,10000,100000,1060,3160,12070,27620,57391,91242,114853,141173,185264,60837.4,60535.2,59233,17.4243,16.4373,16.5193,16.8825
1000000,10000,100000,3830,20971,169244,424679,854739,1293058,1556624,1746638,2499164,861174,860436,858674,1.16995,1.16121,1.1622,1.16459
10000000,10000,100000,5680,187874,1844960,4573448,9238971,13916372,16760251,18624226,19746463,9.26726e+06,9.26317e+06,9.2485e+06,0.108237,0.107907,0.107954,0.108126
