num_entries,num_warmup,num_repetitions,min,1st,10th,25th,median,75th,90th,99th,max,avg,1-99_avg,10-90_avg,median_kops,avg_kops,1-99_avg_kops,10-90_avg_kops
10000,10000,100000,200,300,500,700,1200,1700,2100,2900,30300,1258.67,1245.04,1208.46,833.333,794.489,803.188,827.499
100000,10000,100000,600,2800,11200,26700,58400,94500,119400,149200,370700,62389,61961.1,60424.1,17.1233,16.0285,16.1392,16.5497
1000000,10000,100000,4200,21400,178600,448400,905400,1373500,1657200,1866300,2534400,914575,913376,911007,1.10448,1.0934,1.09484,1.09769
10000000,10000,100000,6900,205400,2029900,5042500,10225100,15529900,18804200,20811000,24855100,1.03202e+07,1.03143e+07,1.02824e+07,0.0977986,0.0968969,0.0969526,0.0972538
10000,10000,100000,200,300,500,700,1200,1700,2200,3000,42100,1274.94,1260.48,1222.8,833.333,784.352,793.349,817.799
100000,10000,100000,500,2700,11100,26500,58000,93800,118500,146300,323800,61786,61430.4,59944.9,17.2414,16.1849,16.2786,16.682
1000000,10000,100000,3800,21400,177400,445500,899200,1362000,1640100,1841900,2540400,906302,905359,903316,1.1121,1.10339,1.10453,1.10703
10000000,10000,100000,7200,205300,2016000,5013700,10186700,15484600,18764700,20753300,21867500,1.02842e+07,1.02789e+07,1.02448e+07,0.0981672,0.0972363,0.0972865,0.0976107
