num_entries,num_warmup,num_repetitions,min,1st,10th,25th,median,75th,90th,99th,max,avg,1-99_avg,10-90_avg,median_kops,avg_kops,1-99_avg_kops,10-90_avg_kops
10000,10000,100000,200,300,500,700,1200,1700,2200,3000,23000,1270.67,1257.18,1220.04,833.333,786.989,795.428,819.644
100000,10000,100000,600,2800,11200,26700,58400,94500,119600,149300,354200,62432.7,62007.5,60460.4,17.1233,16.0172,16.1271,16.5397
1000000,10000,100000,4000,21500,178900,450300,908500,1377700,1659400,1869600,2660900,916658,915486,913157,1.10072,1.09092,1.09232,1.0951
10000000,10000,100000,7100,207600,2040700,5083200,10320000,15673400,18976300,20967000,23736200,1.04096e+07,1.04044e+07,1.03735e+07,0.0968992,0.096065,0.0961132,0.096399
10000,10000,100000,200,300,500,800,1200,1800,2200,3100,31700,1314.1,1299.96,1261.39,833.333,760.979,769.256,792.776
100000,10000,100000,600,2800,11200,26700,58400,94300,119100,147000,381000,62218,61855.6,60379.3,17.1233,16.0725,16.1667,16.562
1000000,10000,100000,3900,21600,178000,447800,902400,1367000,1645400,1849300,2571200,909633,908654,906589,1.10816,1.09934,1.10053,1.10304
10000000,10000,100000,7400,207000,2041600,5065700,10310700,15678100,18990000,21011700,22294400,1.04119e+07,1.04066e+07,1.03721e+07,0.0969866,0.0960436,0.096093,0.0964127
