num_entries,num_warmup,num_repetitions,min,1st,10th,25th,median,75th,90th,99th,max,avg,1-99_avg,10-90_avg,median_kops,avg_kops,1-99_avg_kops,10-90_avg_kops
10000,10000,100000,200,300,400,600,1000,1400,1800,2500,23300,1080.4,1068.1,1038.84,1000,925.581,936.241,962.612
100000,10000,100000,500,2500,8700,20500,46000,76800,99000,126200,458400,50432.6,50024.5,48364.2,21.7391,19.8284,19.9902,20.6765
1000000,10000,100000,2700,20000,165600,417700,841700,1271100,1531500,1724200,2516400,847274,846179,844362,1.18807,1.18026,1.18178,1.18433
10000000,10000,100000,8500,200300,1876500,4718700,9587300,14528500,17593400,19483400,22376500,9.6595e+06,9.65427e+06,9.62462e+06,0.104305,0.103525,0.103581,0.1039
10000,10000,100000,200,300,400,600,1000,1500,1800,2500,28900,1091.01,1077.43,1046.94,1000,916.581,928.13,955.16
100000,10000,100000,500,2400,8500,20300,45700,76300,98200,123900,300500,49993.5,49643,48024.4,21.8818,20.0026,20.1438,20.8227
1000000,10000,100000,2500,19900,164200,413000,833800,1256800,1513200,1697800,2367300,837669,836861,835326,1.19933,1.19379,1.19494,1.19714
10000000,10000,100000,8600,202200,1888500,4738000,9651900,14628900,17725800,19631900,24607900,9.72068e+06,9.71519e+06,9.6836e+06,0.103607,0.102874,0.102932,0.103267
