num_entries,num_warmup,num_repetitions,min,1st,10th,25th,median,75th,90th,99th,max,avg,1-99_avg,10-90_avg,median_kops,avg_kops,1-99_avg_kops,10-90_avg_kops
10000,10000,100000,200,300,500,800,1200,1800,2300,3200,31500,1339.31,1325.63,1284.43,833.333,746.655,754.357,778.552
100000,10000,100000,400,2400,7500,16700,37900,66500,87800,123100,444500,43645.5,43095.4,41103.1,26.3852,22.9119,23.2043,24.3291
1000000,10000,100000,2600,20300,163000,411100,828200,1247600,1501400,1695400,2671800,831529,830208,828517,1.20744,1.2026,1.20452,1.20698
10000000,10000,100000,4900,195200,1851100,4647400,9377100,14197500,17176200,19005800,25175400,9.44287e+06,9.43704e+06,9.41265e+06,0.106643,0.1059,0.105965,0.10624
10000,10000,100000,200,300,500,800,1200,1800,2300,3200,44900,1328.25,1311.63,1270.66,833.333,752.869,762.413,786.99
100000,10000,100000,500,2300,7100,16000,36400,63900,83900,106500,259800,41420.1,41071.5,39355,27.4725,24.1429,24.3478,25.4097
1000000,10000,100000,2500,20000,161800,407000,820100,1235200,1485400,1670100,2284800,822881,822071,820665,1.21936,1.21524,1.21644,1.21852
10000000,10000,100000,5300,196700,1860800,4676100,9430900,14286300,17303900,19162500,25253400,9.50318e+06,9.49736e+06,9.47053e+06,0.106034,0.105228,0.105292,0.105591
