num_entries,num_warmup,num_repetitions,min,1st,10th,25th,median,75th,90th,99th,max,avg,1-99_avg,10-90_avg,median_kops,avg_kops,1-99_avg_kops,10-90_avg_kops
10000,10000,100000,0,0,1000,2000,3000,4000,5000,7000,136000,2788.01,2758.1,2680.45,333.333,358.679,362.568,373.072
100000,10000,100000,1000,3000,8000,16000,30000,44000,53000,66000,1251000,30549.4,30323.4,30109,33.3333,32.7339,32.9778,33.2127
1000000,10000,100000,3000,16000,117000,290000,583000,893000,1094000,1263000,5704000,596598,594632,590279,1.71527,1.67617,1.68171,1.69411
10000000,10000,100000,8000,247000,2237000,5522000,11181000,16828000,21170000,33790000,81935000,1.18455e+07,1.17191e+07,1.12283e+07,0.0894374,0.0844201,0.0853305,0.0890605
