num_entries,num_warmup,num_repetitions,min,1st,10th,25th,median,75th,90th,99th,max,avg,1-99_avg,10-90_avg,median_kops,avg_kops,1-99_avg_kops,10-90_avg_kops
10000,10000,100000,720,800,980,1630,2640,3740,4720,6610,20040,2787.77,2759.83,2678.68,378.788,358.71,362.342,373.318
100000,10000,100000,1070,3120,11921,27251,56651,90142,113343,139643,201125,60046.1,59745.3,58451.2,17.6519,16.6539,16.7377,17.1083
1000000,10000,100000,3971,21201,171084,429439,864099,1307958,1573453,1764079,1987692,870851,870129,868424,1.15727,1.1483,1.14925,1.15151
10000000,10000,100000,5830,180495,1772724,4386826,8854197,13371590,16118145,17764212,18700306,8.89608e+06,8.89361e+06,8.87957e+06,0.112941,0.112409,0.11244,0.112618
