num_entries,num_warmup,num_repetitions,min,1st,10th,25th,median,75th,90th,99th,max,avg,1-99_avg,10-90_avg,median_kops,avg_kops,1-99_avg_kops,10-90_avg_kops
10000,10000,100000,0,0,1000,2000,3000,4000,5000,7000,122000,3127.75,3093.33,3012.8,333.333,319.719,323.277,331.917
100000,10000,100000,1000,2000,9000,18000,34000,49000,59000,73000,411000,34162.2,33997.6,33814.2,29.4118,29.2721,29.4138,29.5734
1000000,10000,100000,4000,17000,130000,321000,643000,986000,1203000,1375000,3899000,657611,655995,651818,1.55521,1.52066,1.5244,1.53417
10000000,10000,100000,5000,193000,1855000,4572000,9232000,13910000,18396000,32897000,957174505000,5.91544e+07,9.76994e+06,9.29876e+06,0.108319,0.0169049,0.102355,0.107541
